<?xml version="1.0"?>
<doc>
    <assembly>
        <name>SPMeta2.CSOM</name>
    </assembly>
    <members>
        <member name="M:SPMeta2.CSOM.ModelHandlers.AppModelHandler.IsAppUpgradeException(System.Exception)">
            <summary>
            Detects is there was an application upgrade exception to the early app version.
            </summary>
            <param name="upgradeException"></param>
            <returns></returns>
        </member>
        <member name="T:SPMeta2.CSOM.PublishingPageTemplates">
            <summary>
              A strongly-typed resource class, for looking up localized strings, etc.
            </summary>
        </member>
        <member name="P:SPMeta2.CSOM.PublishingPageTemplates.ResourceManager">
            <summary>
              Returns the cached ResourceManager instance used by this class.
            </summary>
        </member>
        <member name="P:SPMeta2.CSOM.PublishingPageTemplates.Culture">
            <summary>
              Overrides the current thread's CurrentUICulture property for all
              resource lookups using this strongly typed resource class.
            </summary>
        </member>
        <member name="P:SPMeta2.CSOM.PublishingPageTemplates.RedirectionPageMarkup">
            <summary>
              Looks up a localized string similar to &lt;%@ Page Inherits=&quot;Microsoft.SharePoint.Publishing.TemplateRedirectionPage,Microsoft.SharePoint.Publishing,Version=14.0.0.0,Culture=neutral,PublicKeyToken=71e9bce111e9429c&quot; %&gt; &lt;%@ Reference VirtualPath=&quot;~TemplatePageUrl&quot; %&gt; &lt;%@ Reference VirtualPath=&quot;~masterurl/custom.master&quot; %&gt;.
            </summary>
        </member>
        <member name="P:SPMeta2.CSOM.Services.CSOMTokenReplacementService.AllowClientContextAsTokenReplacementContext">
            <summary>
            Restrics token resolution to only CSOM model host classes
            Used only by regression tests
            
            Incorrect ~site token resolution for CSOM for the subwebs #863
            https://github.com/SubPointSolutions/spmeta2/issues/863
            </summary>
        </member>
        <member name="P:SPMeta2.CSOM.Services.Impl.RequireCSOMRuntimeVersionDeploymentService.SP2010MinimalVersion">
            <summary>
            Not used. Reversed for the future.
            </summary>
        </member>
        <member name="P:SPMeta2.CSOM.Services.Impl.RequireCSOMRuntimeVersionDeploymentService.SP2013MinimalVersion">
            <summary>
            Used to detecting minimal required SP2013 CSOM runtime.
            Replacement for old MinimalVersion (always for 2013)
            </summary>
        </member>
        <member name="P:SPMeta2.CSOM.Services.Impl.RequireCSOMRuntimeVersionDeploymentService.SP2016MinimalVersion">
            <summary>
            Not used. Reversed for the future.
            </summary>
        </member>
        <member name="T:SPMeta2.CSOM.WebPartTemplates">
            <summary>
              A strongly-typed resource class, for looking up localized strings, etc.
            </summary>
        </member>
        <member name="P:SPMeta2.CSOM.WebPartTemplates.ResourceManager">
            <summary>
              Returns the cached ResourceManager instance used by this class.
            </summary>
        </member>
        <member name="P:SPMeta2.CSOM.WebPartTemplates.Culture">
            <summary>
              Overrides the current thread's CurrentUICulture property for all
              resource lookups using this strongly typed resource class.
            </summary>
        </member>
        <member name="P:SPMeta2.CSOM.WebPartTemplates.WebPartV2Template">
             <summary>
               Looks up a localized string similar to &lt;?xml version=&quot;1.0&quot; encoding=&quot;utf-8&quot;?&gt;
            &lt;WebPart xmlns:xsi=&quot;http://www.w3.org/2001/XMLSchema-instance&quot; xmlns:xsd=&quot;http://www.w3.org/2001/XMLSchema&quot; xmlns=&quot;http://schemas.microsoft.com/WebPart/v2&quot;&gt;
              &lt;Title&gt;&lt;/Title&gt;
              &lt;FrameType&gt;Default&lt;/FrameType&gt;
              &lt;Assembly&gt;&lt;/Assembly&gt;
              &lt;TypeName&gt;&lt;/TypeName&gt;
            &lt;/WebPart&gt;.
             </summary>
        </member>
        <member name="P:SPMeta2.CSOM.WebPartTemplates.WebPartV3Template">
             <summary>
               Looks up a localized string similar to &lt;?xml version=&quot;1.0&quot; encoding=&quot;utf-8&quot;?&gt;
            &lt;webParts&gt;
              &lt;webPart xmlns=&quot;http://schemas.microsoft.com/WebPart/v3&quot;&gt;
                &lt;metaData&gt;
                  &lt;type name=&quot;{0}&quot; /&gt;
                  &lt;importErrorMessage&gt;Cannot import this Web Part.&lt;/importErrorMessage&gt;
                &lt;/metaData&gt;
                &lt;data&gt;
                  &lt;properties&gt;
                    &lt;property name=&quot;Title&quot; type=&quot;string&quot;&gt;{1}&lt;/property&gt;
                    &lt;property name=&quot;Description&quot; type=&quot;string&quot; /&gt;
                  &lt;/properties&gt;
                &lt;/data&gt;
              &lt;/webPart&gt;
            &lt;/webParts&gt;.
             </summary>
        </member>
    </members>
</doc>
